{
    "parent": "item/generated",
    "textures": {
    "layer0": "item/emerald"
    },
    
    "overrides": [
        {"predicate": {"custom_model_data":137011}, "model": "item/real_emerald"},
        {"predicate": {"custom_model_data":137022}, "model": "item/sapphire"},
        {"predicate": {"custom_model_data":137023}, "model": "item/ruby"},
        {"predicate": {"custom_model_data":137025}, "model": "item/sandstone_tablet"},
        {"predicate": {"custom_model_data":137026}, "model": "item/red_sandstone_tablet"},
        {"predicate": {"count": 5}, "model": "item/dusty_slicer"}
    ]
   }