{
  "parent": "minecraft:item/generated",
  "textures": {
    "layer0": "minecraft:item/paper"
  },
  "overrides": [
      {"predicate": {"custom_model_data":137016}, "model": "item/oak_bark"},
      {"predicate": {"custom_model_data":137017}, "model": "item/spruce_bark"},
      {"predicate": {"custom_model_data":137018}, "model": "item/birch_bark"},
      {"predicate": {"custom_model_data":137019}, "model": "item/jungle_bark"},
      {"predicate": {"custom_model_data":137020}, "model": "item/acacia_bark"},
      {"predicate": {"custom_model_data":137021}, "model": "item/dark_oak_bark"}
  ]
 }