{
	"providers": [
        {
            "type": "bitmap",
            "file": "minecraft:gui/page01.png",
            "ascent": 36,
            "height": 180,
            "chars": ["\uae01"]
        },
        {
            "type": "bitmap",
            "file": "minecraft:gui/page02.png",
            "ascent": 36,
            "height": 180,
            "chars": ["\uae02"]
        },
        {
            "type": "bitmap",
            "file": "minecraft:gui/page03.png",
            "ascent": 36,
            "height": 180,
            "chars": ["\uae03"]
        },
        {
            "type": "bitmap",
            "file": "minecraft:gui/page04.png",
            "ascent": 36,
            "height": 180,
            "chars": ["\uae04"]
        },
        {
            "type": "bitmap",
            "file": "minecraft:gui/page05.png",
            "ascent": 36,
            "height": 180,
            "chars": ["\uae05"]
        },
        {
            "type": "bitmap",
            "file": "minecraft:gui/page06.png",
            "ascent": 36,
            "height": 180,
            "chars": ["\uae06"]
        },
        {
            "type": "bitmap",
            "file": "minecraft:gui/page07.png",
            "ascent": 36,
            "height": 180,
            "chars": ["\uae07"]
        },
        {
            "type": "bitmap",
            "file": "minecraft:gui/page08.png",
            "ascent": 36,
            "height": 180,
            "chars": ["\uae08"]
        },
        {
            "type": "bitmap",
            "file": "minecraft:gui/page09.png",
            "ascent": 36,
            "height": 180,
            "chars": ["\uae09"]
        }
	]
}